www.test1.com,elastic,plate
www.test2.com,smiling,guttural
www.test3.com,ordinary,futuristic,elastic,puffy,ubiquitous,scold,wash,motionless,ubiquitous
www.test4.com,soup,hang,punch,trains,mute,check,train,fabulous,wilderness
www.test5.com,bumpy,argument,detail,agonizing,motionless,fat,brawny,meddle,argument
www.test6.com,whole,zephyr,curtain,minor,ubiquitous,elastic,adjustment,cute,argument
www.test7.com,puffy,placid,immense
www.test8.com,encouraging,polish,plate,guarded,escape,brawny,ugliest,meddle
www.test9.com,wrestle,nest,rainy,trains
www.test10.com,parcel,mute,zephyr,fat,trashy,wash,agonizing,fat,nail
www.test11.com,argument
www.test12.com,escape,guttural,fat,rainy,escape,check,guttural
www.test13.com,incandescent,wrestle,placid,sky,event,event
www.test14.com,meddle,money,thank
www.test15.com,makeshift,bumpy,greet
www.test16.com,teeny,bathe,carry
www.test17.com,store,garrulous,encouraging,money,ugliest,pizzas,teeny,bathe
www.test18.com,throne,incandescent,guarded
www.test19.com,foregoing,zany,escape,fresh
www.test20.com,wash,fresh,night,detail,trashy,part,rhyme,brawny,train,futuristic
www.test21.com,minor,polish,money,wrestle,train,eager,wrestle
www.test22.com,bathe,train
www.test23.com,dizzy,bumpy,argument
www.test24.com,sky,careless,hang,serious,wilderness,zealous,sand,nest,fat,trashy
www.test25.com,crush,elastic,inconclusive,dispensable,temper,cold,cute
www.test26.com,motionless,zany,part,whole,bathe,chop
www.test27.com,punch,slim,temper,meddle,foregoing,destroy,smiling,bird
www.test28.com,crush,punch,wash,careless,adjustment,rod,synonymous,makeshift,discover
www.test29.com,fabulous
www.test30.com,minor,adjustment,makeshift,guttural,ubiquitous,polish,hour,teeny
